Indicator,Group,State,Subgroup,Phase,Time Period,Time Period Label,Value,LowCI,HighCI,Confidence Interval,Quartile Range
"Took Prescription Medication for Mental Health, Last 4 Weeks",National Estimate,United States,United States,2,13,Aug 19 - Aug 31,19.4,19,19.8,19.0 - 19.8,
"Took Prescription Medication for Mental Health, Last 4 Weeks",By Age,United States,18 - 29 years,2,13,Aug 19 - Aug 31,18.7,17.2,20.3,17.2 - 20.3,
"Took Prescription Medication for Mental Health, Last 4 Weeks",By Age,United States,30 - 39 years,2,13,Aug 19 - Aug 31,18.3,17.3,19.2,17.3 - 19.2,
"Took Prescription Medication for Mental Health, Last 4 Weeks",By Age,United States,40 - 49 years,2,13,Aug 19 - Aug 31,20.4,19.5,21.3,19.5 - 21.3,
"Took Prescription Medication for Mental Health, Last 4 Weeks",By Age,United States,50 - 59 years,2,13,Aug 19 - Aug 31,21.2,20.2,22.2,20.2 - 22.2,
"Took Prescription Medication for Mental Health, Last 4 Weeks",By Age,United States,60 - 69 years,2,13,Aug 19 - Aug 31,19.7,18.7,20.7,18.7 - 20.7,
"Took Prescription Medication for Mental Health, Last 4 Weeks",By Age,United States,70 - 79 years,2,13,Aug 19 - Aug 31,18.4,17,19.9,17.0 - 19.9,
"Took Prescription Medication for Mental Health, Last 4 Weeks",By Age,United States,80 years and above,2,13,Aug 19 - Aug 31,13.8,11,17,11.0 - 17.0,
"Took Prescription Medication for Mental Health, Last 4 Weeks",By Sex,United States,Male,2,13,Aug 19 - Aug 31,13.7,13,14.3,13.0 - 14.3,
"Took Prescription Medication for Mental Health, Last 4 Weeks",By Sex,United States,Female,2,13,Aug 19 - Aug 31,24.6,24,25.2,24.0 - 25.2,
"Took Prescription Medication for Mental Health, Last 4 Weeks",By Presence of Symptoms of Anxiety/Depression,United States,Did not experience symptoms of anxiety/depression in the past 4 weeks,2,13,Aug 19 - Aug 31,11.6,11.2,12.1,11.2 - 12.1,
"Took Prescription Medication for Mental Health, Last 4 Weeks",By Presence of Symptoms of Anxiety/Depression,United States,Experienced symptoms of anxiety/depression in past 4 weeks,2,13,Aug 19 - Aug 31,33,32.1,33.9,32.1 - 33.9,
"Took Prescription Medication for Mental Health, Last 4 Weeks",By Race/Hispanic ethnicity,United States,Hispanic or Latino,2,13,Aug 19 - Aug 31,13.8,12.6,15,12.6 - 15.0,
"Took Prescription Medication for Mental Health, Last 4 Weeks",By Race/Hispanic ethnicity,United States,"Non-Hispanic white, single race",2,13,Aug 19 - Aug 31,22.5,22.1,23,22.1 - 23.0,
"Took Prescription Medication for Mental Health, Last 4 Weeks",By Race/Hispanic ethnicity,United States,"Non-Hispanic black, single race",2,13,Aug 19 - Aug 31,12.6,11.4,13.9,11.4 - 13.9,
"Took Prescription Medication for Mental Health, Last 4 Weeks",By Race/Hispanic ethnicity,United States,"Non-Hispanic Asian, single race",2,13,Aug 19 - Aug 31,8.1,6.9,9.4,6.9 - 9.4,
"Took Prescription Medication for Mental Health, Last 4 Weeks",By Race/Hispanic ethnicity,United States,"Non-Hispanic, other races and multiple races",2,13,Aug 19 - Aug 31,22.1,19.3,25.2,19.3 - 25.2,
"Took Prescription Medication for Mental Health, Last 4 Weeks",By Education,United States,Less than a high school diploma,2,13,Aug 19 - Aug 31,17.4,14.9,20.1,14.9 - 20.1,
"Took Prescription Medication for Mental Health, Last 4 Weeks",By Education,United States,High school diploma or GED,2,13,Aug 19 - Aug 31,18.1,17.2,19.1,17.2 - 19.1,
"Took Prescription Medication for Mental Health, Last 4 Weeks",By Education,United States,Some college/Associate's degree,2,13,Aug 19 - Aug 31,21,20.2,21.8,20.2 - 21.8,
"Took Prescription Medication for Mental Health, Last 4 Weeks",By Education,United States,Bachelor's degree or higher,2,13,Aug 19 - Aug 31,19.4,19,19.9,19.0 - 19.9,
"Took Prescription Medication for Mental Health, Last 4 Weeks",By State,Alabama,Alabama,2,13,Aug 19 - Aug 31,22.3,19.6,25.1,19.6 - 25.1,20.6-22.5
"Took Prescription Medication for Mental Health, Last 4 Weeks",By State,Alaska,Alaska,2,13,Aug 19 - Aug 31,16.7,14.2,19.5,14.2 - 19.5,12.2-18.4
"Took Prescription Medication for Mental Health, Last 4 Weeks",By State,Arizona,Arizona,2,13,Aug 19 - Aug 31,18.3,16.1,20.7,16.1 - 20.7,12.2-18.4
"Took Prescription Medication for Mental Health, Last 4 Weeks",By State,Arkansas,Arkansas,2,13,Aug 19 - Aug 31,24.1,20.8,27.7,20.8 - 27.7,22.6-26.8
"Took Prescription Medication for Mental Health, Last 4 Weeks",By State,California,California,2,13,Aug 19 - Aug 31,15.8,14.4,17.4,14.4 - 17.4,12.2-18.4
"Took Prescription Medication for Mental Health, Last 4 Weeks",By State,Colorado,Colorado,2,13,Aug 19 - Aug 31,17,15.1,19.1,15.1 - 19.1,12.2-18.4
"Took Prescription Medication for Mental Health, Last 4 Weeks",By State,Connecticut,Connecticut,2,13,Aug 19 - Aug 31,18.8,15.7,22.3,15.7 - 22.3,18.5-20.5
"Took Prescription Medication for Mental Health, Last 4 Weeks",By State,Delaware,Delaware,2,13,Aug 19 - Aug 31,19.8,16.4,23.6,16.4 - 23.6,18.5-20.5
"Took Prescription Medication for Mental Health, Last 4 Weeks",By State,District of Columbia,District of Columbia,2,13,Aug 19 - Aug 31,18,13.8,22.8,13.8 - 22.8,12.2-18.4
"Took Prescription Medication for Mental Health, Last 4 Weeks",By State,Florida,Florida,2,13,Aug 19 - Aug 31,19,16.4,21.7,16.4 - 21.7,18.5-20.5
"Took Prescription Medication for Mental Health, Last 4 Weeks",By State,Georgia,Georgia,2,13,Aug 19 - Aug 31,21.1,18.5,23.9,18.5 - 23.9,20.6-22.5
"Took Prescription Medication for Mental Health, Last 4 Weeks",By State,Hawaii,Hawaii,2,13,Aug 19 - Aug 31,12.2,9.8,15,9.8 - 15.0,12.2-18.4
"Took Prescription Medication for Mental Health, Last 4 Weeks",By State,Idaho,Idaho,2,13,Aug 19 - Aug 31,22.5,19.8,25.4,19.8 - 25.4,20.6-22.5
"Took Prescription Medication for Mental Health, Last 4 Weeks",By State,Illinois,Illinois,2,13,Aug 19 - Aug 31,17.2,14.9,19.6,14.9 - 19.6,12.2-18.4
"Took Prescription Medication for Mental Health, Last 4 Weeks",By State,Indiana,Indiana,2,13,Aug 19 - Aug 31,23.5,20.7,26.4,20.7 - 26.4,22.6-26.8
"Took Prescription Medication for Mental Health, Last 4 Weeks",By State,Iowa,Iowa,2,13,Aug 19 - Aug 31,23.1,19.9,26.5,19.9 - 26.5,22.6-26.8
"Took Prescription Medication for Mental Health, Last 4 Weeks",By State,Kansas,Kansas,2,13,Aug 19 - Aug 31,21.2,17.9,24.7,17.9 - 24.7,20.6-22.5
"Took Prescription Medication for Mental Health, Last 4 Weeks",By State,Kentucky,Kentucky,2,13,Aug 19 - Aug 31,26.8,23,30.9,23.0 - 30.9,22.6-26.8
"Took Prescription Medication for Mental Health, Last 4 Weeks",By State,Louisiana,Louisiana,2,13,Aug 19 - Aug 31,23.6,20.6,26.9,20.6 - 26.9,22.6-26.8
"Took Prescription Medication for Mental Health, Last 4 Weeks",By State,Maine,Maine,2,13,Aug 19 - Aug 31,23.1,19.4,27.1,19.4 - 27.1,22.6-26.8
"Took Prescription Medication for Mental Health, Last 4 Weeks",By State,Maryland,Maryland,2,13,Aug 19 - Aug 31,17.1,15.1,19.3,15.1 - 19.3,12.2-18.4
"Took Prescription Medication for Mental Health, Last 4 Weeks",By State,Massachusetts,Massachusetts,2,13,Aug 19 - Aug 31,19.9,18,21.9,18.0 - 21.9,18.5-20.5
"Took Prescription Medication for Mental Health, Last 4 Weeks",By State,Michigan,Michigan,2,13,Aug 19 - Aug 31,20.4,17.7,23.3,17.7 - 23.3,18.5-20.5
"Took Prescription Medication for Mental Health, Last 4 Weeks",By State,Minnesota,Minnesota,2,13,Aug 19 - Aug 31,20.6,18.3,23,18.3 - 23.0,20.6-22.5
"Took Prescription Medication for Mental Health, Last 4 Weeks",By State,Mississippi,Mississippi,2,13,Aug 19 - Aug 31,20.8,17.4,24.7,17.4 - 24.7,20.6-22.5
"Took Prescription Medication for Mental Health, Last 4 Weeks",By State,Missouri,Missouri,2,13,Aug 19 - Aug 31,23.7,21,26.6,21.0 - 26.6,22.6-26.8
"Took Prescription Medication for Mental Health, Last 4 Weeks",By State,Montana,Montana,2,13,Aug 19 - Aug 31,18.4,15.5,21.5,15.5 - 21.5,12.2-18.4
"Took Prescription Medication for Mental Health, Last 4 Weeks",By State,Nebraska,Nebraska,2,13,Aug 19 - Aug 31,23.6,20.1,27.3,20.1 - 27.3,22.6-26.8
"Took Prescription Medication for Mental Health, Last 4 Weeks",By State,Nevada,Nevada,2,13,Aug 19 - Aug 31,15,12.8,17.5,12.8 - 17.5,12.2-18.4
"Took Prescription Medication for Mental Health, Last 4 Weeks",By State,New Hampshire,New Hampshire,2,13,Aug 19 - Aug 31,21.1,17.4,25.2,17.4 - 25.2,20.6-22.5
"Took Prescription Medication for Mental Health, Last 4 Weeks",By State,New Jersey,New Jersey,2,13,Aug 19 - Aug 31,18.7,16.2,21.5,16.2 - 21.5,18.5-20.5
"Took Prescription Medication for Mental Health, Last 4 Weeks",By State,New Mexico,New Mexico,2,13,Aug 19 - Aug 31,18.5,15.5,21.9,15.5 - 21.9,18.5-20.5
"Took Prescription Medication for Mental Health, Last 4 Weeks",By State,New York,New York,2,13,Aug 19 - Aug 31,17.8,15.3,20.5,15.3 - 20.5,12.2-18.4
"Took Prescription Medication for Mental Health, Last 4 Weeks",By State,North Carolina,North Carolina,2,13,Aug 19 - Aug 31,19.4,16.7,22.3,16.7 - 22.3,18.5-20.5
"Took Prescription Medication for Mental Health, Last 4 Weeks",By State,North Dakota,North Dakota,2,13,Aug 19 - Aug 31,19.6,15.8,23.9,15.8 - 23.9,18.5-20.5
"Took Prescription Medication for Mental Health, Last 4 Weeks",By State,Ohio,Ohio,2,13,Aug 19 - Aug 31,21.7,18.4,25.4,18.4 - 25.4,20.6-22.5
"Took Prescription Medication for Mental Health, Last 4 Weeks",By State,Oklahoma,Oklahoma,2,13,Aug 19 - Aug 31,21.9,19.1,24.8,19.1 - 24.8,20.6-22.5
"Took Prescription Medication for Mental Health, Last 4 Weeks",By State,Oregon,Oregon,2,13,Aug 19 - Aug 31,22.9,20.1,25.9,20.1 - 25.9,22.6-26.8
"Took Prescription Medication for Mental Health, Last 4 Weeks",By State,Pennsylvania,Pennsylvania,2,13,Aug 19 - Aug 31,22.1,19.1,25.3,19.1 - 25.3,20.6-22.5
"Took Prescription Medication for Mental Health, Last 4 Weeks",By State,Rhode Island,Rhode Island,2,13,Aug 19 - Aug 31,23.1,19.4,27.2,19.4 - 27.2,22.6-26.8
"Took Prescription Medication for Mental Health, Last 4 Weeks",By State,South Carolina,South Carolina,2,13,Aug 19 - Aug 31,20.5,17.8,23.4,17.8 - 23.4,18.5-20.5
"Took Prescription Medication for Mental Health, Last 4 Weeks",By State,South Dakota,South Dakota,2,13,Aug 19 - Aug 31,17.8,14.2,21.7,14.2 - 21.7,12.2-18.4
"Took Prescription Medication for Mental Health, Last 4 Weeks",By State,Tennessee,Tennessee,2,13,Aug 19 - Aug 31,21.2,18.4,24.1,18.4 - 24.1,20.6-22.5
"Took Prescription Medication for Mental Health, Last 4 Weeks",By State,Texas,Texas,2,13,Aug 19 - Aug 31,16.4,14.4,18.5,14.4 - 18.5,12.2-18.4
"Took Prescription Medication for Mental Health, Last 4 Weeks",By State,Utah,Utah,2,13,Aug 19 - Aug 31,23.9,21.1,26.8,21.1 - 26.8,22.6-26.8
"Took Prescription Medication for Mental Health, Last 4 Weeks",By State,Vermont,Vermont,2,13,Aug 19 - Aug 31,23.2,18.5,28.5,18.5 - 28.5,22.6-26.8
"Took Prescription Medication for Mental Health, Last 4 Weeks",By State,Virginia,Virginia,2,13,Aug 19 - Aug 31,18.9,16.6,21.5,16.6 - 21.5,18.5-20.5
"Took Prescription Medication for Mental Health, Last 4 Weeks",By State,Washington,Washington,2,13,Aug 19 - Aug 31,20.9,19.3,22.6,19.3 - 22.6,20.6-22.5
"Took Prescription Medication for Mental Health, Last 4 Weeks",By State,West Virginia,West Virginia,2,13,Aug 19 - Aug 31,22.4,18.8,26.3,18.8 - 26.3,20.6-22.5
"Took Prescription Medication for Mental Health, Last 4 Weeks",By State,Wisconsin,Wisconsin,2,13,Aug 19 - Aug 31,19.7,17.3,22.2,17.3 - 22.2,18.5-20.5
"Took Prescription Medication for Mental Health, Last 4 Weeks",By State,Wyoming,Wyoming,2,13,Aug 19 - Aug 31,18.7,15,22.7,15.0 - 22.7,18.5-20.5
"Received Counseling or Therapy, Last 4 Weeks",National Estimate,United States,United States,2,13,Aug 19 - Aug 31,8.7,8.3,9.2,8.3 - 9.2,
"Received Counseling or Therapy, Last 4 Weeks",By Age,United States,18 - 29 years,2,13,Aug 19 - Aug 31,12.2,10.9,13.7,10.9 - 13.7,
"Received Counseling or Therapy, Last 4 Weeks",By Age,United States,30 - 39 years,2,13,Aug 19 - Aug 31,11.7,11,12.6,11.0 - 12.6,
"Received Counseling or Therapy, Last 4 Weeks",By Age,United States,40 - 49 years,2,13,Aug 19 - Aug 31,10,9.4,10.5,9.4 - 10.5,
"Received Counseling or Therapy, Last 4 Weeks",By Age,United States,50 - 59 years,2,13,Aug 19 - Aug 31,8.4,7.6,9.2,7.6 - 9.2,
"Received Counseling or Therapy, Last 4 Weeks",By Age,United States,60 - 69 years,2,13,Aug 19 - Aug 31,5.4,4.9,6,4.9 - 6.0,
"Received Counseling or Therapy, Last 4 Weeks",By Age,United States,70 - 79 years,2,13,Aug 19 - Aug 31,4.1,3.4,5,3.4 - 5.0,
"Received Counseling or Therapy, Last 4 Weeks",By Age,United States,80 years and above,2,13,Aug 19 - Aug 31,3,2,4.4,2.0 - 4.4,
"Received Counseling or Therapy, Last 4 Weeks",By Sex,United States,Male,2,13,Aug 19 - Aug 31,6.7,6.2,7.3,6.2 - 7.3,
"Received Counseling or Therapy, Last 4 Weeks",By Sex,United States,Female,2,13,Aug 19 - Aug 31,10.6,10.1,11.2,10.1 - 11.2,
"Received Counseling or Therapy, Last 4 Weeks",By Presence of Symptoms of Anxiety/Depression,United States,Did not experience symptoms of anxiety/depression in the past 4 weeks,2,13,Aug 19 - Aug 31,4.8,4.5,5.1,4.5 - 5.1,
"Received Counseling or Therapy, Last 4 Weeks",By Presence of Symptoms of Anxiety/Depression,United States,Experienced symptoms of anxiety/depression in past 4 weeks,2,13,Aug 19 - Aug 31,15.7,14.8,16.6,14.8 - 16.6,
"Received Counseling or Therapy, Last 4 Weeks",By Race/Hispanic ethnicity,United States,Hispanic or Latino,2,13,Aug 19 - Aug 31,7.3,6.2,8.4,6.2 - 8.4,
"Received Counseling or Therapy, Last 4 Weeks",By Race/Hispanic ethnicity,United States,"Non-Hispanic white, single race",2,13,Aug 19 - Aug 31,9.4,8.9,9.8,8.9 - 9.8,
"Received Counseling or Therapy, Last 4 Weeks",By Race/Hispanic ethnicity,United States,"Non-Hispanic black, single race",2,13,Aug 19 - Aug 31,7.7,6.7,8.7,6.7 - 8.7,
"Received Counseling or Therapy, Last 4 Weeks",By Race/Hispanic ethnicity,United States,"Non-Hispanic Asian, single race",2,13,Aug 19 - Aug 31,6.2,5.1,7.5,5.1 - 7.5,
"Received Counseling or Therapy, Last 4 Weeks",By Race/Hispanic ethnicity,United States,"Non-Hispanic, other races and multiple races",2,13,Aug 19 - Aug 31,10.6,9,12.4,9.0 - 12.4,
"Received Counseling or Therapy, Last 4 Weeks",By Education,United States,Less than a high school diploma,2,13,Aug 19 - Aug 31,7.1,5.6,8.8,5.6 - 8.8,
"Received Counseling or Therapy, Last 4 Weeks",By Education,United States,High school diploma or GED,2,13,Aug 19 - Aug 31,6.6,5.9,7.5,5.9 - 7.5,
"Received Counseling or Therapy, Last 4 Weeks",By Education,United States,Some college/Associate's degree,2,13,Aug 19 - Aug 31,8.7,8,9.4,8.0 - 9.4,
"Received Counseling or Therapy, Last 4 Weeks",By Education,United States,Bachelor's degree or higher,2,13,Aug 19 - Aug 31,11.1,10.6,11.5,10.6 - 11.5,
"Received Counseling or Therapy, Last 4 Weeks",By State,Alabama,Alabama,2,13,Aug 19 - Aug 31,8.5,6.5,10.9,6.5 - 10.9,7.2-8.7
"Received Counseling or Therapy, Last 4 Weeks",By State,Alaska,Alaska,2,13,Aug 19 - Aug 31,7.5,6.2,9,6.2 - 9.0,7.2-8.7
"Received Counseling or Therapy, Last 4 Weeks",By State,Arizona,Arizona,2,13,Aug 19 - Aug 31,7.3,5.6,9.3,5.6 - 9.3,7.2-8.7
"Received Counseling or Therapy, Last 4 Weeks",By State,Arkansas,Arkansas,2,13,Aug 19 - Aug 31,6.1,4.4,8.1,4.4 - 8.1,4.9-7.1
"Received Counseling or Therapy, Last 4 Weeks",By State,California,California,2,13,Aug 19 - Aug 31,9.5,8.1,11,8.1 - 11.0,8.8-10.0
"Received Counseling or Therapy, Last 4 Weeks",By State,Colorado,Colorado,2,13,Aug 19 - Aug 31,10.1,8.4,12.1,8.4 - 12.1,10.1-19.1
"Received Counseling or Therapy, Last 4 Weeks",By State,Connecticut,Connecticut,2,13,Aug 19 - Aug 31,12.3,9.7,15.3,9.7 - 15.3,10.1-19.1
"Received Counseling or Therapy, Last 4 Weeks",By State,Delaware,Delaware,2,13,Aug 19 - Aug 31,10,7.4,13,7.4 - 13.0,8.8-10.0
"Received Counseling or Therapy, Last 4 Weeks",By State,District of Columbia,District of Columbia,2,13,Aug 19 - Aug 31,19.1,13.9,25.3,13.9 - 25.3,10.1-19.1
"Received Counseling or Therapy, Last 4 Weeks",By State,Florida,Florida,2,13,Aug 19 - Aug 31,7.8,6.4,9.5,6.4 - 9.5,7.2-8.7
"Received Counseling or Therapy, Last 4 Weeks",By State,Georgia,Georgia,2,13,Aug 19 - Aug 31,7.9,5.9,10.2,5.9 - 10.2,7.2-8.7
"Received Counseling or Therapy, Last 4 Weeks",By State,Hawaii,Hawaii,2,13,Aug 19 - Aug 31,11.9,8.4,16.1,8.4 - 16.1,10.1-19.1
"Received Counseling or Therapy, Last 4 Weeks",By State,Idaho,Idaho,2,13,Aug 19 - Aug 31,8.3,6.5,10.4,6.5 - 10.4,7.2-8.7
"Received Counseling or Therapy, Last 4 Weeks",By State,Illinois,Illinois,2,13,Aug 19 - Aug 31,8.8,7.2,10.7,7.2 - 10.7,8.8-10.0
"Received Counseling or Therapy, Last 4 Weeks",By State,Indiana,Indiana,2,13,Aug 19 - Aug 31,6.8,5.2,8.7,5.2 - 8.7,4.9-7.1
"Received Counseling or Therapy, Last 4 Weeks",By State,Iowa,Iowa,2,13,Aug 19 - Aug 31,8.1,6.6,9.7,6.6 - 9.7,7.2-8.7
"Received Counseling or Therapy, Last 4 Weeks",By State,Kansas,Kansas,2,13,Aug 19 - Aug 31,7.7,6,9.7,6.0 - 9.7,7.2-8.7
"Received Counseling or Therapy, Last 4 Weeks",By State,Kentucky,Kentucky,2,13,Aug 19 - Aug 31,5.8,4.2,7.9,4.2 - 7.9,4.9-7.1
"Received Counseling or Therapy, Last 4 Weeks",By State,Louisiana,Louisiana,2,13,Aug 19 - Aug 31,9.5,7.3,12.1,7.3 - 12.1,8.8-10.0
"Received Counseling or Therapy, Last 4 Weeks",By State,Maine,Maine,2,13,Aug 19 - Aug 31,12.4,9.2,16.1,9.2 - 16.1,10.1-19.1
"Received Counseling or Therapy, Last 4 Weeks",By State,Maryland,Maryland,2,13,Aug 19 - Aug 31,8.7,7.5,10.1,7.5 - 10.1,7.2-8.7
"Received Counseling or Therapy, Last 4 Weeks",By State,Massachusetts,Massachusetts,2,13,Aug 19 - Aug 31,12.7,11.3,14.2,11.3 - 14.2,10.1-19.1
"Received Counseling or Therapy, Last 4 Weeks",By State,Michigan,Michigan,2,13,Aug 19 - Aug 31,9,7.2,11.2,7.2 - 11.2,8.8-10.0
"Received Counseling or Therapy, Last 4 Weeks",By State,Minnesota,Minnesota,2,13,Aug 19 - Aug 31,9.5,8.2,10.9,8.2 - 10.9,8.8-10.0
"Received Counseling or Therapy, Last 4 Weeks",By State,Mississippi,Mississippi,2,13,Aug 19 - Aug 31,6.8,4.8,9.3,4.8 - 9.3,4.9-7.1
"Received Counseling or Therapy, Last 4 Weeks",By State,Missouri,Missouri,2,13,Aug 19 - Aug 31,7.9,5.9,10.2,5.9 - 10.2,7.2-8.7
"Received Counseling or Therapy, Last 4 Weeks",By State,Montana,Montana,2,13,Aug 19 - Aug 31,9.2,7.1,11.7,7.1 - 11.7,8.8-10.0
"Received Counseling or Therapy, Last 4 Weeks",By State,Nebraska,Nebraska,2,13,Aug 19 - Aug 31,6.8,5,8.9,5.0 - 8.9,4.9-7.1
"Received Counseling or Therapy, Last 4 Weeks",By State,Nevada,Nevada,2,13,Aug 19 - Aug 31,6.7,5.3,8.3,5.3 - 8.3,4.9-7.1
"Received Counseling or Therapy, Last 4 Weeks",By State,New Hampshire,New Hampshire,2,13,Aug 19 - Aug 31,7.1,5.4,9.2,5.4 - 9.2,4.9-7.1
"Received Counseling or Therapy, Last 4 Weeks",By State,New Jersey,New Jersey,2,13,Aug 19 - Aug 31,9.3,7.7,11,7.7 - 11.0,8.8-10.0
"Received Counseling or Therapy, Last 4 Weeks",By State,New Mexico,New Mexico,2,13,Aug 19 - Aug 31,10.1,8,12.5,8.0 - 12.5,10.1-19.1
"Received Counseling or Therapy, Last 4 Weeks",By State,New York,New York,2,13,Aug 19 - Aug 31,10.5,9,12,9.0 - 12.0,10.1-19.1
"Received Counseling or Therapy, Last 4 Weeks",By State,North Carolina,North Carolina,2,13,Aug 19 - Aug 31,8.9,6.9,11.2,6.9 - 11.2,8.8-10.0
"Received Counseling or Therapy, Last 4 Weeks",By State,North Dakota,North Dakota,2,13,Aug 19 - Aug 31,4.9,3.3,6.9,3.3 - 6.9,4.9-7.1
"Received Counseling or Therapy, Last 4 Weeks",By State,Ohio,Ohio,2,13,Aug 19 - Aug 31,9.6,7.4,12.1,7.4 - 12.1,8.8-10.0
"Received Counseling or Therapy, Last 4 Weeks",By State,Oklahoma,Oklahoma,2,13,Aug 19 - Aug 31,7.5,5.5,9.9,5.5 - 9.9,7.2-8.7
"Received Counseling or Therapy, Last 4 Weeks",By State,Oregon,Oregon,2,13,Aug 19 - Aug 31,13,11,15.2,11.0 - 15.2,10.1-19.1
"Received Counseling or Therapy, Last 4 Weeks",By State,Pennsylvania,Pennsylvania,2,13,Aug 19 - Aug 31,9.3,7.9,10.8,7.9 - 10.8,8.8-10.0
"Received Counseling or Therapy, Last 4 Weeks",By State,Rhode Island,Rhode Island,2,13,Aug 19 - Aug 31,13.5,10.6,17,10.6 - 17.0,10.1-19.1
"Received Counseling or Therapy, Last 4 Weeks",By State,South Carolina,South Carolina,2,13,Aug 19 - Aug 31,5.4,3.8,7.5,3.8 - 7.5,4.9-7.1
"Received Counseling or Therapy, Last 4 Weeks",By State,South Dakota,South Dakota,2,13,Aug 19 - Aug 31,6.2,4.3,8.6,4.3 - 8.6,4.9-7.1
"Received Counseling or Therapy, Last 4 Weeks",By State,Tennessee,Tennessee,2,13,Aug 19 - Aug 31,8.2,6.5,10.2,6.5 - 10.2,7.2-8.7
"Received Counseling or Therapy, Last 4 Weeks",By State,Texas,Texas,2,13,Aug 19 - Aug 31,6.7,5.5,8.2,5.5 - 8.2,4.9-7.1
"Received Counseling or Therapy, Last 4 Weeks",By State,Utah,Utah,2,13,Aug 19 - Aug 31,9.4,8,10.9,8.0 - 10.9,8.8-10.0
"Received Counseling or Therapy, Last 4 Weeks",By State,Vermont,Vermont,2,13,Aug 19 - Aug 31,11.4,8.8,14.5,8.8 - 14.5,10.1-19.1
"Received Counseling or Therapy, Last 4 Weeks",By State,Virginia,Virginia,2,13,Aug 19 - Aug 31,9.3,7.7,11.2,7.7 - 11.2,8.8-10.0
"Received Counseling or Therapy, Last 4 Weeks",By State,Washington,Washington,2,13,Aug 19 - Aug 31,10.3,8.8,11.9,8.8 - 11.9,10.1-19.1
"Received Counseling or Therapy, Last 4 Weeks",By State,West Virginia,West Virginia,2,13,Aug 19 - Aug 31,5.1,3.6,6.9,3.6 - 6.9,4.9-7.1
"Received Counseling or Therapy, Last 4 Weeks",By State,Wisconsin,Wisconsin,2,13,Aug 19 - Aug 31,7.2,5.9,8.6,5.9 - 8.6,7.2-8.7
"Received Counseling or Therapy, Last 4 Weeks",By State,Wyoming,Wyoming,2,13,Aug 19 - Aug 31,5.3,3.8,7.2,3.8 - 7.2,4.9-7.1
"Needed Counseling or Therapy But Did Not Get It, Last 4 Weeks",National Estimate,United States,United States,2,13,Aug 19 - Aug 31,9.2,8.8,9.6,8.8 - 9.6,
"Needed Counseling or Therapy But Did Not Get It, Last 4 Weeks",By Age,United States,18 - 29 years,2,13,Aug 19 - Aug 31,15.6,14.5,16.7,14.5 - 16.7,
"Needed Counseling or Therapy But Did Not Get It, Last 4 Weeks",By Age,United States,30 - 39 years,2,13,Aug 19 - Aug 31,12.9,11.9,13.9,11.9 - 13.9,
"Needed Counseling or Therapy But Did Not Get It, Last 4 Weeks",By Age,United States,40 - 49 years,2,13,Aug 19 - Aug 31,10,9.3,10.7,9.3 - 10.7,
"Needed Counseling or Therapy But Did Not Get It, Last 4 Weeks",By Age,United States,50 - 59 years,2,13,Aug 19 - Aug 31,7.7,6.9,8.5,6.9 - 8.5,
"Needed Counseling or Therapy But Did Not Get It, Last 4 Weeks",By Age,United States,60 - 69 years,2,13,Aug 19 - Aug 31,5.3,4.8,5.9,4.8 - 5.9,
"Needed Counseling or Therapy But Did Not Get It, Last 4 Weeks",By Age,United States,70 - 79 years,2,13,Aug 19 - Aug 31,2.9,2.2,3.6,2.2 - 3.6,
"Needed Counseling or Therapy But Did Not Get It, Last 4 Weeks",By Age,United States,80 years and above,2,13,Aug 19 - Aug 31,1.4,0.9,2,0.9 - 2.0,
"Needed Counseling or Therapy But Did Not Get It, Last 4 Weeks",By Sex,United States,Male,2,13,Aug 19 - Aug 31,6.8,6.2,7.3,6.2 - 7.3,
"Needed Counseling or Therapy But Did Not Get It, Last 4 Weeks",By Sex,United States,Female,2,13,Aug 19 - Aug 31,11.4,10.9,11.9,10.9 - 11.9,
"Needed Counseling or Therapy But Did Not Get It, Last 4 Weeks",By Presence of Symptoms of Anxiety/Depression,United States,Did not experience symptoms of anxiety/depression in the past 4 weeks,2,13,Aug 19 - Aug 31,2.4,2.2,2.7,2.2 - 2.7,
"Needed Counseling or Therapy But Did Not Get It, Last 4 Weeks",By Presence of Symptoms of Anxiety/Depression,United States,Experienced symptoms of anxiety/depression in past 4 weeks,2,13,Aug 19 - Aug 31,21,20.2,21.8,20.2 - 21.8,
"Needed Counseling or Therapy But Did Not Get It, Last 4 Weeks",By Race/Hispanic ethnicity,United States,Hispanic or Latino,2,13,Aug 19 - Aug 31,9.6,8.6,10.6,8.6 - 10.6,
"Needed Counseling or Therapy But Did Not Get It, Last 4 Weeks",By Race/Hispanic ethnicity,United States,"Non-Hispanic white, single race",2,13,Aug 19 - Aug 31,9.1,8.7,9.5,8.7 - 9.5,
"Needed Counseling or Therapy But Did Not Get It, Last 4 Weeks",By Race/Hispanic ethnicity,United States,"Non-Hispanic black, single race",2,13,Aug 19 - Aug 31,9.3,8.3,10.3,8.3 - 10.3,
"Needed Counseling or Therapy But Did Not Get It, Last 4 Weeks",By Race/Hispanic ethnicity,United States,"Non-Hispanic Asian, single race",2,13,Aug 19 - Aug 31,4.8,3.9,5.8,3.9 - 5.8,
"Needed Counseling or Therapy But Did Not Get It, Last 4 Weeks",By Race/Hispanic ethnicity,United States,"Non-Hispanic, other races and multiple races",2,13,Aug 19 - Aug 31,14.2,12.1,16.4,12.1 - 16.4,
"Needed Counseling or Therapy But Did Not Get It, Last 4 Weeks",By Education,United States,Less than a high school diploma,2,13,Aug 19 - Aug 31,7,5.4,8.8,5.4 - 8.8,
"Needed Counseling or Therapy But Did Not Get It, Last 4 Weeks",By Education,United States,High school diploma or GED,2,13,Aug 19 - Aug 31,7,6.3,7.8,6.3 - 7.8,
"Needed Counseling or Therapy But Did Not Get It, Last 4 Weeks",By Education,United States,Some college/Associate's degree,2,13,Aug 19 - Aug 31,11.2,10.6,11.9,10.6 - 11.9,
"Needed Counseling or Therapy But Did Not Get It, Last 4 Weeks",By Education,United States,Bachelor's degree or higher,2,13,Aug 19 - Aug 31,9.7,9.2,10.1,9.2 - 10.1,
"Needed Counseling or Therapy But Did Not Get It, Last 4 Weeks",By State,Alabama,Alabama,2,13,Aug 19 - Aug 31,8.4,6.5,10.6,6.5 - 10.6,7.8-9.1
"Needed Counseling or Therapy But Did Not Get It, Last 4 Weeks",By State,Alaska,Alaska,2,13,Aug 19 - Aug 31,8.5,6.7,10.7,6.7 - 10.7,7.8-9.1
"Needed Counseling or Therapy But Did Not Get It, Last 4 Weeks",By State,Arizona,Arizona,2,13,Aug 19 - Aug 31,9.7,7.8,11.8,7.8 - 11.8,9.2-10.1
"Needed Counseling or Therapy But Did Not Get It, Last 4 Weeks",By State,Arkansas,Arkansas,2,13,Aug 19 - Aug 31,7.7,6.3,9.4,6.3 - 9.4,5.7-7.7
"Needed Counseling or Therapy But Did Not Get It, Last 4 Weeks",By State,California,California,2,13,Aug 19 - Aug 31,9.2,8,10.5,8.0 - 10.5,9.2-10.1
"Needed Counseling or Therapy But Did Not Get It, Last 4 Weeks",By State,Colorado,Colorado,2,13,Aug 19 - Aug 31,10.8,9,12.8,9.0 - 12.8,10.2-12.9
"Needed Counseling or Therapy But Did Not Get It, Last 4 Weeks",By State,Connecticut,Connecticut,2,13,Aug 19 - Aug 31,8.1,6.7,9.8,6.7 - 9.8,7.8-9.1
"Needed Counseling or Therapy But Did Not Get It, Last 4 Weeks",By State,Delaware,Delaware,2,13,Aug 19 - Aug 31,7.7,5.7,10.1,5.7 - 10.1,5.7-7.7
"Needed Counseling or Therapy But Did Not Get It, Last 4 Weeks",By State,District of Columbia,District of Columbia,2,13,Aug 19 - Aug 31,11.3,8.1,15.2,8.1 - 15.2,10.2-12.9
"Needed Counseling or Therapy But Did Not Get It, Last 4 Weeks",By State,Florida,Florida,2,13,Aug 19 - Aug 31,11,9,13.2,9.0 - 13.2,10.2-12.9
"Needed Counseling or Therapy But Did Not Get It, Last 4 Weeks",By State,Georgia,Georgia,2,13,Aug 19 - Aug 31,10.2,8.6,12.1,8.6 - 12.1,10.2-12.9
"Needed Counseling or Therapy But Did Not Get It, Last 4 Weeks",By State,Hawaii,Hawaii,2,13,Aug 19 - Aug 31,6.6,4.2,9.7,4.2 - 9.7,5.7-7.7
"Needed Counseling or Therapy But Did Not Get It, Last 4 Weeks",By State,Idaho,Idaho,2,13,Aug 19 - Aug 31,9.2,6.9,11.9,6.9 - 11.9,9.2-10.1
"Needed Counseling or Therapy But Did Not Get It, Last 4 Weeks",By State,Illinois,Illinois,2,13,Aug 19 - Aug 31,8.8,7.3,10.6,7.3 - 10.6,7.8-9.1
"Needed Counseling or Therapy But Did Not Get It, Last 4 Weeks",By State,Indiana,Indiana,2,13,Aug 19 - Aug 31,9.6,7.9,11.4,7.9 - 11.4,9.2-10.1
"Needed Counseling or Therapy But Did Not Get It, Last 4 Weeks",By State,Iowa,Iowa,2,13,Aug 19 - Aug 31,7.2,5.7,9.1,5.7 - 9.1,5.7-7.7
"Needed Counseling or Therapy But Did Not Get It, Last 4 Weeks",By State,Kansas,Kansas,2,13,Aug 19 - Aug 31,9.2,7.1,11.6,7.1 - 11.6,9.2-10.1
"Needed Counseling or Therapy But Did Not Get It, Last 4 Weeks",By State,Kentucky,Kentucky,2,13,Aug 19 - Aug 31,8.9,6.8,11.5,6.8 - 11.5,7.8-9.1
"Needed Counseling or Therapy But Did Not Get It, Last 4 Weeks",By State,Louisiana,Louisiana,2,13,Aug 19 - Aug 31,9.3,6.6,12.6,6.6 - 12.6,9.2-10.1
"Needed Counseling or Therapy But Did Not Get It, Last 4 Weeks",By State,Maine,Maine,2,13,Aug 19 - Aug 31,11.8,8.7,15.5,8.7 - 15.5,10.2-12.9
"Needed Counseling or Therapy But Did Not Get It, Last 4 Weeks",By State,Maryland,Maryland,2,13,Aug 19 - Aug 31,10.1,7.8,12.8,7.8 - 12.8,9.2-10.1
"Needed Counseling or Therapy But Did Not Get It, Last 4 Weeks",By State,Massachusetts,Massachusetts,2,13,Aug 19 - Aug 31,9.1,7.5,10.9,7.5 - 10.9,7.8-9.1
"Needed Counseling or Therapy But Did Not Get It, Last 4 Weeks",By State,Michigan,Michigan,2,13,Aug 19 - Aug 31,10.2,8.2,12.6,8.2 - 12.6,10.2-12.9
"Needed Counseling or Therapy But Did Not Get It, Last 4 Weeks",By State,Minnesota,Minnesota,2,13,Aug 19 - Aug 31,8.1,6.6,9.9,6.6 - 9.9,7.8-9.1
"Needed Counseling or Therapy But Did Not Get It, Last 4 Weeks",By State,Mississippi,Mississippi,2,13,Aug 19 - Aug 31,8.4,6.3,10.8,6.3 - 10.8,7.8-9.1
"Needed Counseling or Therapy But Did Not Get It, Last 4 Weeks",By State,Missouri,Missouri,2,13,Aug 19 - Aug 31,11.2,9,13.7,9.0 - 13.7,10.2-12.9
"Needed Counseling or Therapy But Did Not Get It, Last 4 Weeks",By State,Montana,Montana,2,13,Aug 19 - Aug 31,9.3,7.2,11.9,7.2 - 11.9,9.2-10.1
"Needed Counseling or Therapy But Did Not Get It, Last 4 Weeks",By State,Nebraska,Nebraska,2,13,Aug 19 - Aug 31,7.7,5.8,10,5.8 - 10.0,5.7-7.7
"Needed Counseling or Therapy But Did Not Get It, Last 4 Weeks",By State,Nevada,Nevada,2,13,Aug 19 - Aug 31,9.9,7.7,12.6,7.7 - 12.6,9.2-10.1
"Needed Counseling or Therapy But Did Not Get It, Last 4 Weeks",By State,New Hampshire,New Hampshire,2,13,Aug 19 - Aug 31,7.3,5.3,9.7,5.3 - 9.7,5.7-7.7
"Needed Counseling or Therapy But Did Not Get It, Last 4 Weeks",By State,New Jersey,New Jersey,2,13,Aug 19 - Aug 31,7.6,5.7,9.8,5.7 - 9.8,5.7-7.7
"Needed Counseling or Therapy But Did Not Get It, Last 4 Weeks",By State,New Mexico,New Mexico,2,13,Aug 19 - Aug 31,11.1,8.6,14,8.6 - 14.0,10.2-12.9
"Needed Counseling or Therapy But Did Not Get It, Last 4 Weeks",By State,New York,New York,2,13,Aug 19 - Aug 31,9.4,7.8,11.3,7.8 - 11.3,9.2-10.1
"Needed Counseling or Therapy But Did Not Get It, Last 4 Weeks",By State,North Carolina,North Carolina,2,13,Aug 19 - Aug 31,9.5,7.4,12,7.4 - 12.0,9.2-10.1
"Needed Counseling or Therapy But Did Not Get It, Last 4 Weeks",By State,North Dakota,North Dakota,2,13,Aug 19 - Aug 31,5.7,3.8,8,3.8 - 8.0,5.7-7.7
"Needed Counseling or Therapy But Did Not Get It, Last 4 Weeks",By State,Ohio,Ohio,2,13,Aug 19 - Aug 31,9.3,7.1,12,7.1 - 12.0,9.2-10.1
"Needed Counseling or Therapy But Did Not Get It, Last 4 Weeks",By State,Oklahoma,Oklahoma,2,13,Aug 19 - Aug 31,9,6.9,11.5,6.9 - 11.5,7.8-9.1
"Needed Counseling or Therapy But Did Not Get It, Last 4 Weeks",By State,Oregon,Oregon,2,13,Aug 19 - Aug 31,12.9,10.8,15.3,10.8 - 15.3,10.2-12.9
"Needed Counseling or Therapy But Did Not Get It, Last 4 Weeks",By State,Pennsylvania,Pennsylvania,2,13,Aug 19 - Aug 31,7.8,6.1,9.7,6.1 - 9.7,7.8-9.1
"Needed Counseling or Therapy But Did Not Get It, Last 4 Weeks",By State,Rhode Island,Rhode Island,2,13,Aug 19 - Aug 31,7,4.7,9.8,4.7 - 9.8,5.7-7.7
"Needed Counseling or Therapy But Did Not Get It, Last 4 Weeks",By State,South Carolina,South Carolina,2,13,Aug 19 - Aug 31,9.3,7.2,11.7,7.2 - 11.7,9.2-10.1
"Needed Counseling or Therapy But Did Not Get It, Last 4 Weeks",By State,South Dakota,South Dakota,2,13,Aug 19 - Aug 31,6.3,4.2,9,4.2 - 9.0,5.7-7.7
"Needed Counseling or Therapy But Did Not Get It, Last 4 Weeks",By State,Tennessee,Tennessee,2,13,Aug 19 - Aug 31,8.9,7.3,10.8,7.3 - 10.8,7.8-9.1
"Needed Counseling or Therapy But Did Not Get It, Last 4 Weeks",By State,Texas,Texas,2,13,Aug 19 - Aug 31,7.4,6.4,8.6,6.4 - 8.6,5.7-7.7
"Needed Counseling or Therapy But Did Not Get It, Last 4 Weeks",By State,Utah,Utah,2,13,Aug 19 - Aug 31,11.5,9.2,14.1,9.2 - 14.1,10.2-12.9
"Needed Counseling or Therapy But Did Not Get It, Last 4 Weeks",By State,Vermont,Vermont,2,13,Aug 19 - Aug 31,10.5,7.2,14.7,7.2 - 14.7,10.2-12.9
"Needed Counseling or Therapy But Did Not Get It, Last 4 Weeks",By State,Virginia,Virginia,2,13,Aug 19 - Aug 31,7.6,5.8,9.8,5.8 - 9.8,5.7-7.7
"Needed Counseling or Therapy But Did Not Get It, Last 4 Weeks",By State,Washington,Washington,2,13,Aug 19 - Aug 31,11.2,9.5,13.2,9.5 - 13.2,10.2-12.9
"Needed Counseling or Therapy But Did Not Get It, Last 4 Weeks",By State,West Virginia,West Virginia,2,13,Aug 19 - Aug 31,6.6,5,8.5,5.0 - 8.5,5.7-7.7
"Needed Counseling or Therapy But Did Not Get It, Last 4 Weeks",By State,Wisconsin,Wisconsin,2,13,Aug 19 - Aug 31,7.3,5.9,9,5.9 - 9.0,5.7-7.7
"Needed Counseling or Therapy But Did Not Get It, Last 4 Weeks",By State,Wyoming,Wyoming,2,13,Aug 19 - Aug 31,7.5,5.5,10,5.5 - 10.0,5.7-7.7
